title,price,location,date,model,processor,screen_size,storage,ram,warranty,price_num,normalized_link
é‡åˆ°å¥‘ä¸¹äººçš„å…¨æ–° MacBook Air 2024å¹´æ¬¾ 13å‹ M3æ™¶ç‰‡ 8G/256G A3113 æ–°åŒ—æ°¸å’Œè‡ªå–,"NT$27,500",New Taipei City,2025-06-29,MacBook Air,M3,13,256,8,Unknown,27500,https://www.facebook.com/marketplace/item/3907211706185649/
MacBook Air M3 13å‹,"$26,000",New Taipei City,2025-06-29,MacBook Air,M3,13,Unknown,Unknown,Unknown,26000,https://www.facebook.com/marketplace/item/1689966911716480/
"MacBook Air 15"" M3 8GB 512GB æ˜Ÿå…‰è‰² åŸå» ä¿å›ºè‡³2025/08/15","NT$28,000","Taipei, Taiwan",2025-06-29,MacBook Air,M3,15,512,8,Unknown,28000,https://www.facebook.com/marketplace/item/686443281058057/
Macbook Air 13 inch Pink 2019/No scratches/barely used,"NT$11,000","Taipei, Taiwan",2025-06-29,MacBook Air,Unknown,13,Unknown,Unknown,Unknown,11000,https://www.facebook.com/marketplace/item/1262972418556066/
ï¼ˆå®¢æˆ¶å·²é è¨‚ä¿ç•™ï¼‰é™„åŸè£ç›’ è‡ªå”® Macbook Air 2017å¹´æ¬¾ 13å‹è¢å¹• å“ç›¸æ¥µå¥½ å‹è™Ÿ: A1466 è¨˜æ†¶é«”:8G,"NT$4,900","Taipei, Taiwan",2025-06-29,MacBook Air,Unknown,13,Unknown,8,Unknown,4900,https://www.facebook.com/marketplace/item/23862660313425476/
è¶…æ–°14 å‹MacBook Pro M4 512G 16GéŠ€è‰²,"NT$42,500","Taipei, Taiwan",2025-06-29,MacBook Pro,M4,14,512,Unknown,Unknown,42500,https://www.facebook.com/marketplace/item/729665212878141/
Apple MacBook Air 13å‹å®Œç¾ç„¡æš‡,"NT$3,000",New Taipei City,2025-06-29,MacBook Air,Unknown,13,Unknown,Unknown,Unknown,3000,https://www.facebook.com/marketplace/item/731584712610418/
macbook air 2013,"NT$1,800",New Taipei City,2025-06-29,MacBook Air,Unknown,13,Unknown,Unknown,Unknown,1800,https://www.facebook.com/marketplace/item/4162817884041200/
Macbookair m3 15å‹ å¤ªç©ºç° å¯ç”¨13å‹16gçš„æ›,"NT$29,000","Taipei, Taiwan",2025-06-29,MacBook Air,M3,15,Unknown,Unknown,Unknown,29000,https://www.facebook.com/marketplace/item/1219122462862807/
MacBook Air 13å‹M1 16GB 256GB,"NT$14,500","Taipei, Taiwan",2025-06-29,MacBook Air,M1,13,256,16,Unknown,14500,https://www.facebook.com/marketplace/item/713745364358495/
å…¨æ–°æ²’æ‹†å° æœ€æ–°2025 M4 MacBook Air 15å‹ 16Gè¨˜æ†¶é«”/512å®¹é‡,"NT$41,500","Taipei, Taiwan",2025-06-29,MacBook Air,M4,15,Unknown,Unknown,Unknown,41500,https://www.facebook.com/marketplace/item/1721346398587338/
MacBook Air 15 A2941 æ˜Ÿå…‰è‰²,"NT$25,000",New Taipei City,2025-06-29,MacBook Air,Unknown,15,Unknown,Unknown,Unknown,25000,https://www.facebook.com/marketplace/item/1418270799362527/
MacBook Air 13 (M3)åˆå¤œè—ï¼ˆå·²å”®å‡ºï¼‰,"NT$32,000","Taipei, Taiwan",2025-06-29,MacBook Air,M3,13,Unknown,Unknown,Unknown,32000,https://www.facebook.com/marketplace/item/1603812206974793/
2023MacBook Air 13å‹/M2æ™¶ç‰‡/8æ ¸å¿ƒçš„ CPUä»¥åŠ10æ ¸å¿ƒGPU/è¨˜æ†¶é«”512GB - å¤ªç©ºç°,"NT$30,000",New Taipei City,2025-06-29,MacBook Air,M2,13,Unknown,Unknown,Unknown,30000,https://www.facebook.com/marketplace/item/1018581550256879/
2020 MacBook Pro 16å‹ 32GB 1TB Core i9 å¤ªç©ºç°è‰²,"NT$27,000",New Taipei City,2025-06-29,MacBook Pro,Intel i9,16,Unknown,32,Unknown,27000,https://www.facebook.com/marketplace/item/1101113785176396/
MacBook Air M3 2024 A3113,"NT$24,000","Taipei, Taiwan",2025-06-29,MacBook Air,M3,13,Unknown,Unknown,Unknown,24000,https://www.facebook.com/marketplace/item/697043552946881/
ä¿å…§ M2 MacBook Air 13â€™ 256G 8g,"NT$18,000","Taipei, Taiwan",2025-06-29,MacBook Air,M2,13,256,8,Unknown,18000,https://www.facebook.com/marketplace/item/1160382399109926/
MacBook Air M2 13å‹,"$25,000","Taipei, Taiwan",2025-06-29,MacBook Air,M2,13,Unknown,Unknown,Unknown,25000,https://www.facebook.com/marketplace/item/2148441935598336/
ã€å‡ºå”®ã€‘Apple MacBook Pro 13å‹ M2 2022 256G 24G(è¨˜æ†¶é«”),"NT$28,000","Taipei, Taiwan",2025-06-29,MacBook Pro,M2,13,256,24,Unknown,28000,https://www.facebook.com/marketplace/item/1113245133962431/
ã€å”®ã€‘å®¢è£½æ¬¾é›»æ± 100% MacBook Air 13å‹ M3 / 16GB / 256G / å¤ªç©ºç°,"NT$25,900","Taipei, Taiwan",2025-06-29,MacBook Air,M3,13,256,16,Unknown,25900,https://www.facebook.com/marketplace/item/24265645916366531/
ã€è‰¾çˆ¾å·´äºŒæ‰‹ã€‘Macbook Air A2681 M2/8G/512G 13å‹ åˆå¤œè‰²#äºŒæ‰‹ç­†é›»#æ¿æ©‹åº—M4L06,"NT$19,500",New Taipei City,2025-06-29,MacBook Air,M2,13,512,8,Unknown,19500,https://www.facebook.com/marketplace/item/1197423668743531/
ã€å”®ã€‘MacBook Air 13å‹ M4 24GB / 512G,"NT$44,000",New Taipei City,2025-06-29,MacBook Air,M4,13,512,24,Unknown,44000,https://www.facebook.com/marketplace/item/4152415504980385/
å°ç£å…¬å¸è²¨ Apple MacBook Air 15å‹16/512,"NT$32,000","Taipei, Taiwan",2025-06-29,MacBook Air,Unknown,15,512,Unknown,Unknown,32000,https://www.facebook.com/marketplace/item/1968555723883290/
ã€å”®ã€‘å®¢è£½æ¬¾MacBook Air 13å‹ M3 / 16GB / 256G / å¤ªç©ºç°,"NT$25,900","Taipei, Taiwan",2025-06-29,MacBook Air,M3,13,256,16,Unknown,25900,https://www.facebook.com/marketplace/item/492848273888997/
MacBook Air 2025 15å¯¸M4 256GB+16GRAM,"NT$36,900","Taipei, Taiwan",2025-06-29,MacBook Air,M4,15,256,Unknown,Unknown,36900,https://www.facebook.com/marketplace/item/1228146515859691/
MacBook Air 13å‹M1 2020 (A2337),"$19,800",New Taipei City,2025-06-29,MacBook Air,M1,13,Unknown,Unknown,Unknown,19800,https://www.facebook.com/marketplace/item/1372165084062678/
ã€Œèª å¾µè²·å®¶ã€å”® 2025å¹´ä¸Šå¸‚Apple MacBook Air 13 å‹ M4-16GB/512 GB SSDå¤©è—è‰²,"$38,500",New Taipei City,2025-06-29,MacBook Air,M4,13,512,16,Unknown,38500,https://www.facebook.com/marketplace/item/1445455663277048/
MacBook Pro 16å‹ï½œi9ï½œ32Gï½œ1TBï½œé›»æ± 490æ¬¡,"NT$20,000","Taipei, Taiwan",2025-06-29,MacBook Pro,Intel i9,16,Unknown,32,Unknown,20000,https://www.facebook.com/marketplace/item/1266287008220112/
Macbook Air 13 å‹ M3,"NT$31,000",New Taipei City,2025-06-29,MacBook Air,M3,13,Unknown,Unknown,Unknown,31000,https://www.facebook.com/marketplace/item/1230541331918744/
ã€ŒäºŒæ‰‹ã€MacBook Pro 14 M1 16G/512G,"NT$29,000","Taipei, Taiwan",2025-06-29,MacBook Pro,M1Pro,14,512,16,Unknown,29000,https://www.facebook.com/marketplace/item/1066403598222062/
MacBook Air 13å‹ M2 8G/512GB,"NT$26,990","Taipei, Taiwan",2025-06-29,MacBook Air,M2,13,512,8,Unknown,26990,https://www.facebook.com/marketplace/item/1595856721081448/
è¶…é•·Apple Careä¿å›ºMacbook Pro 16å‹M1 Pro 32GB 1TB ç°è‰²,"NT$37,500","Taipei, Taiwan",2025-06-29,MacBook Pro,M1Pro,16,Unknown,32,AppleCare,37500,https://www.facebook.com/marketplace/item/1478894776431091/
MacBook Air M3 15å‹ 16/256 ä¿å…§,"NT$33,000","Taipei, Taiwan",2025-06-29,MacBook Air,M3,15,256,16,Unknown,33000,https://www.facebook.com/marketplace/item/629975159382050/
ï¿¼2019 Apple MacBook Pro i7 16G 512G Retina 16å‹,"NT$15,000","Taipei, Taiwan",2025-06-29,MacBook Pro,Intel i7,16,512,16,Unknown,15000,https://www.facebook.com/marketplace/item/990610013135703/
ã€ å“ç‰Œ ã€‘Apple è˜‹æœ ã€ å‹è™Ÿ ã€‘macbook pro ã€ å°ºå¯¸ ã€‘14å‹ LED ã€ è£½é€  ã€‘2023å¹´ 11æœˆ ã€ è¨˜æ†¶é«” ã€‘8G ã€ è™•ç†å™¨ ã€‘M3ç‰ˆ ã€ å„²å­˜å®¹é‡ã€‘512G,"NT$30,000",New Taipei City,2025-06-29,MacBook Pro,M3,14,512,8,Unknown,30000,https://www.facebook.com/marketplace/item/599853566043828/
â€¼ï¸è¶…ç´šæ–°â€¼ï¸ä¿å›ºå…§â€¼ï¸å”®å¤ªç©ºç° MacBook Pro 14--inch M3 â¤ï¸,"NT$54,000",New Taipei City,2025-06-29,MacBook Pro,M3,14,Unknown,Unknown,In Warranty,54000,https://www.facebook.com/marketplace/item/1232728505110882/
å…¨æ–°æœªæ‹†14 å‹MacBook Pro M4 16GB 512GB éŠ€è‰²,"NT$42,500","Taipei, Taiwan",2025-06-29,MacBook Pro,M4,14,512,16,Unknown,42500,https://www.facebook.com/marketplace/item/723502650047272/
å…¨æ–°æœªæ‹†å° æœ€æ–°æ¬¾M4 MacBook Pro 14 å‹16è¨˜æ†¶é«”/512å¤ªç©ºé»‘,"NT$48,000","Taipei, Taiwan",2025-06-29,MacBook Pro,M4,14,Unknown,Unknown,Unknown,48000,https://www.facebook.com/marketplace/item/2146161722531493/
"Apple MacBook Pro 2018 i7 16G, 256GB","NT$8,999","Taipei, Taiwan",2025-06-29,MacBook Pro,Intel i7,16,256,16,Unknown,8999,https://www.facebook.com/marketplace/item/2120187111836837/
ã€å•†å“ã€‘è¿‘å…¨æ–° MacBook Air 13-inch A2337,NT$1,"Taipei, Taiwan",2025-06-29,MacBook Air,Unknown,13,Unknown,Unknown,Unknown,1,https://www.facebook.com/marketplace/item/1491482395149277/
MacBook Air 13å‹ 2017,"NT$4,900",New Taipei City,2025-06-29,MacBook Air,Unknown,13,Unknown,Unknown,Unknown,4900,https://www.facebook.com/marketplace/item/1242720034172687/
Macbook Air 2015 i5-1.6G/8G/128G 13å‹ éŠ€#äºŒæ‰‹ç­†é›»#æ¿æ©‹åº—4H3QD,"NT$1,950",New Taipei City,2025-06-29,MacBook Air,Intel i5,15,Unknown,8,Unknown,1950,https://www.facebook.com/marketplace/item/1887194518733193/
Apple MacBook Air 13å‹å¤–è§€å®Œç¾,"NT$3,500",New Taipei City,2025-06-29,MacBook Air,Unknown,13,Unknown,Unknown,Unknown,3500,https://www.facebook.com/marketplace/item/1646865159359520/
ï¼ˆå”®ï¼‰2014å¹´æœ« Macbook Pro 15â€Retina,"NT$6,000","Taipei, Taiwan",2025-06-29,MacBook Pro,Unknown,14,Unknown,Unknown,Unknown,6000,https://www.facebook.com/marketplace/item/757393953520894/
å¯åˆ·å¡åˆ†æœŸ MacbookAir 13â€ 2017 i5 1.8Ghz/8GB/256GB,"NT$4,490",New Taipei City,2025-06-29,MacBook Air,Intel i5,13,256,8,Unknown,4490,https://www.facebook.com/marketplace/item/1058335392900268/
MacBook Air 13å‹ M4 256G,"NT$36,500","Taipei, Taiwan",2025-06-29,MacBook Air,M4,13,256,Unknown,Unknown,36500,https://www.facebook.com/marketplace/item/481730101654861/
512å®¹é‡ M1 CPU MacBook Air 13 ç«ç‘°é‡‘,"NT$15,000","Taipei, Taiwan",2025-06-29,MacBook Air,M1,13,Unknown,Unknown,Unknown,15000,https://www.facebook.com/marketplace/item/697984056349927/
"Macbook Air 13"" 128G 2016","NT$3,000","Taipei, Taiwan",2025-06-29,MacBook Air,Unknown,13,Unknown,128,Unknown,3000,https://www.facebook.com/marketplace/item/1383290479639918/
å…¨æ–°å‡ºæ¸… MacBook Air 15,"NT$26,000","Taipei, Taiwan",2025-06-29,MacBook Air,Unknown,15,Unknown,Unknown,Unknown,26000,https://www.facebook.com/marketplace/item/629783260113095/
M1 è¶…å€¼å®¢è£½æ¬¾16Gè¨˜æ†¶é«”/512 ssd M1 2021 Macbook Pro 13,"NT$17,500","Taipei, Taiwan",2025-06-29,MacBook Pro,M1Pro,16,512,Unknown,Unknown,17500,https://www.facebook.com/marketplace/item/753429640452979/
ã€å”®ã€‘å®¢è£½æ¬¾é›»æ± 95% MacBook Air 13å‹ M3 / 16GB / 256G / å¤ªç©ºç°,"NT$25,900","Taipei, Taiwan",2025-06-29,MacBook Air,M3,13,256,16,Unknown,25900,https://www.facebook.com/marketplace/item/1494633648167945/
"MacBook Pro 14"" A2918","NT$35,000",New Taipei City,2025-06-29,MacBook Pro,Unknown,14,Unknown,Unknown,Unknown,35000,https://www.facebook.com/marketplace/item/1808830436518875/
è¶…å€¼M1 Pro macbook 14å‹,"NT$26,000","Taipei, Taiwan",2025-06-29,MacBook Pro,M1Pro,14,Unknown,Unknown,Unknown,26000,https://www.facebook.com/marketplace/item/712399217813572/
ã€å”®ã€‘MacBook Air 13å‹ M2 / 16GB / 256G / æ˜Ÿå…‰,"NT$23,000","Taipei, Taiwan",2025-06-29,MacBook Air,M2,13,256,16,Unknown,23000,https://www.facebook.com/marketplace/item/1102843455224348/
[å”®] MacBook Pro M1ï½œ16G RAM å‡ç´šæ¬¾ï½œé›»æ± å¥åº·95%,"NT$21,000","Taipei, Taiwan",2025-06-29,MacBook Pro,M1Pro,16,Unknown,16,Unknown,21000,https://www.facebook.com/marketplace/item/1177293730798315/
å…¨æ–°æœªæ‹†å°M4 MacBook Air 13 16/256 æ˜Ÿå…‰è‰² 2025 å°ç£å…¬å¸è²¨ æ³¨éŸ³,"NT$30,800","Taipei, Taiwan",2025-06-29,MacBook Air,M4,13,256,16,Unknown,30800,https://www.facebook.com/marketplace/item/1219663966476506/
2025 Apple MacBook M4 Air 13â€,"$31,500","Taipei, Taiwan",2025-06-29,MacBook Air,M4,13,Unknown,Unknown,Unknown,31500,https://www.facebook.com/marketplace/item/1053228619506834/
è¶…å€¼ M1 Pro MacBook Pro retina 16å‹,"NT$31,000","Taipei, Taiwan",2025-06-29,MacBook Pro,M1Pro,16,Unknown,Unknown,Unknown,31000,https://www.facebook.com/marketplace/item/1230109725118386/
Apple MacBook pro 2019 i9 16å‹ 16G 1TB 5500Mç¨é¡¯ A2141,"NT$22,000",New Taipei City,2025-06-29,MacBook Pro,Intel i9,16,Unknown,16,Unknown,22000,https://www.facebook.com/marketplace/item/947902320751736/
è¶…ç´šç¨€æœ‰ä¿å›ºå…§è˜‹æœM2 24G/1TB SSD 13å‹ MacBook Pro 13å‹ ä½ èˆ‡24Gæœ€è¿‘è·é›¢,"NT$36,000","Taipei, Taiwan",2025-06-29,MacBook Pro,M2,13,Unknown,24,In Warranty,36000,https://www.facebook.com/marketplace/item/663360852735003/
M3 MacBook Pro 14å¯¸,"NT$40,000",New Taipei City,2025-06-29,MacBook Pro,M3,14,Unknown,Unknown,Unknown,40000,https://www.facebook.com/marketplace/item/28011383455143813/
ã€äºŒæ‰‹ã€‘MacBook Pro 13å‹ (Late 2020 / M1)ï½œ8G è¨˜æ†¶é«”ï½œ512G SSDï½œç›’è£å®Œæ•´,"NT$15,000","Taipei, Taiwan",2025-06-29,MacBook Pro,M1,13,512,8,Unknown,15000,https://www.facebook.com/marketplace/item/2822621101264130/
ã€å®¢è£½ã€‘2022 M2 MacBook Air 13 å‹ / å¤ªç©ºç°è‰² / 24 GB / 512 GB,"NT$23,000","Keelung, Taiwan",2025-06-29,MacBook Air,M2,13,512,24,Unknown,23000,https://www.facebook.com/marketplace/item/1482003159641958/
ã€è‰¾çˆ¾å·´äºŒæ‰‹ã€‘MacBook Air M2/8G/256G A2681 æ˜Ÿå…‰è‰² 13å‹#äºŒæ‰‹ç­†é›»#å½°åŒ–åº—Y507N,"NT$17,500",Changhua,2025-06-29,MacBook Air,M2,13,256,8,Unknown,17500,https://www.facebook.com/marketplace/item/745919714572847/
ã€è‰¾çˆ¾å·´äºŒæ‰‹ã€‘MacBook Air M2/8G/256G A2681 13.6å‹ éŠ€#äºŒæ‰‹ç­†é›»#æ¡ƒåœ’åº— 2C9KK,"NT$18,300","Taoyuan District, Taoyuan",2025-06-29,MacBook Air,M2,13,256,8,Unknown,18300,https://www.facebook.com/marketplace/item/1704843437065283/
Apple MACBOOK PRO M1 Pro 14å‹,"NT$29,000",New Taipei City,2025-06-29,MacBook Pro,M1Pro,14,Unknown,Unknown,Unknown,29000,https://www.facebook.com/marketplace/item/24539943208941977/
MacBook air M2 13å‹ 8/512,"NT$19,000","Taichung, Taiwan",2025-06-29,MacBook Air,M2,13,512,8,Unknown,19000,https://www.facebook.com/marketplace/item/1063460482413300/
APPLE 2019 16å‹ MACBook Pro (I9 32G 1TB 5500M),"NT$24,000","Taoyuan District, Taoyuan",2025-06-29,MacBook Pro,Intel i9,16,Unknown,32,Unknown,24000,https://www.facebook.com/marketplace/item/1501455000819407/
å”® Macbook Air M1 13å‹,"NT$15,000","Taoyuan District, Taoyuan",2025-06-29,MacBook Air,M1,13,Unknown,Unknown,Unknown,15000,https://www.facebook.com/marketplace/item/2246966702425377/
MacBook Air13(M3),"NT$26,000","Keelung, Taiwan",2025-06-29,MacBook Air,M3,13,Unknown,Unknown,Unknown,26000,https://www.facebook.com/marketplace/item/979201887742627/
<3Cçš„å®¶> APPLE MACBOOK AIR 2020 13å‹ I3/8G äºŒæ‰‹ ç«ç‘°é‡‘,"NT$9,000","Taoyuan District, Taoyuan",2025-06-29,MacBook Air,Intel i3,13,Unknown,8,Unknown,9000,https://www.facebook.com/marketplace/item/1055993479961645/
å”®MacBook Pro M3 14å‹ 8/512 å¤ªç©ºç°,"NT$35,000","Tainan, Taiwan",2025-06-29,MacBook Pro,M3,14,512,8,Unknown,35000,https://www.facebook.com/marketplace/item/1025875146370137/
MacBook Pro M3 14å‹,"NT$35,000","Keelung, Taiwan",2025-06-29,MacBook Pro,M3,14,Unknown,Unknown,Unknown,35000,https://www.facebook.com/marketplace/item/1163405418202428/
"M3 MacBook Air 13"" 8/256G åŸå» å»¶é•·ä¿å›ºåˆ°2027å¹´","NT$23,500","Taichung, Taiwan",2025-06-29,MacBook Air,M3,13,256,8,Unknown,23500,https://www.facebook.com/marketplace/item/4254539788108817/
9æˆ9æ¥µæ–° Macbook Pro 14â€ M3 Pro,"NT$49,990","Taoyuan District, Taoyuan",2025-06-29,MacBook Pro,M3Pro,14,Unknown,Unknown,Unknown,49990,https://www.facebook.com/marketplace/item/735402118906067/
Macbook Pro 14â€ M3proæ™¶ç‰‡ 512G å¤ªç©ºé»‘,"NT$45,000","Taoyuan District, Taoyuan",2025-06-29,MacBook Pro,M3Pro,14,512,Unknown,Unknown,45000,https://www.facebook.com/marketplace/item/600144609774150/
"å¾µæ±‚ Macbook Air 15å‹ ä¸€å° ï¼ˆ M3, M4 çš†å¯ ï¼‰","NT$40,000","Taoyuan District, Taoyuan",2025-06-29,MacBook Air,M3,15,Unknown,Unknown,Unknown,40000,https://www.facebook.com/marketplace/item/1067181298693286/
MacBook Air 13å‹ I5 1.6G Retina 8G 128G 2018 A1932,"NT$6,500","Taoyuan District, Taoyuan",2025-06-29,MacBook Air,Intel i5,13,Unknown,8,Unknown,6500,https://www.facebook.com/marketplace/item/1891200818297880/
MacBook AIR 13-inchå¤ªç©ºç° ç­†è¨˜å‹é›»è…¦,"NT$9,000","Hsinchu, Taiwan",2025-06-29,MacBook Air,Unknown,13,Unknown,Unknown,Unknown,9000,https://www.facebook.com/marketplace/item/711574281470624/
Macbook Air 13inch 2017,"NT$6,500","Taoyuan District, Taoyuan",2025-06-29,MacBook Air,Unknown,13,Unknown,Unknown,Unknown,6500,https://www.facebook.com/marketplace/item/1210627964194761/
MacBook Air 2013,"NT$2,500","Taoyuan District, Taoyuan",2025-06-29,MacBook Air,Unknown,13,Unknown,Unknown,Unknown,2500,https://www.facebook.com/marketplace/item/1040995010794792/
MacBook Air M3 13å¯¸ 256g æ˜Ÿå…‰è‰² é‚„åœ¨ä¿å›ºå…§,"NT$23,000","Taoyuan District, Taoyuan",2025-06-29,MacBook Air,M3,13,256,Unknown,In Warranty,23000,https://www.facebook.com/marketplace/item/9984968511585053/
MacBook Air M3 15å‹8+256g æ˜Ÿå…‰è‰² 2024/09è³¼å…¥ é‚„åœ¨ä¿å›ºæœŸå…§,"NT$30,000","Taoyuan District, Taoyuan",2025-06-29,MacBook Air,M3,15,256,Unknown,Unknown,30000,https://www.facebook.com/marketplace/item/1230164922235527/
ã€Appleã€‘ä¿å›ºä¸­ MacBook Air 13.6å‹ M3 æ™¶ç‰‡ 8æ ¸å¿ƒCPU èˆ‡ 10æ ¸å¿ƒGPU 16G/512G SSD åˆå¤œè—,"NT$30,000","Taoyuan District, Taoyuan",2025-06-29,MacBook Air,M3,13,512,16,Unknown,30000,https://www.facebook.com/marketplace/item/1054149253332713/
Macbook air 13 m2,"NT$15,000",Yilan City,2025-06-29,MacBook Air,M2,13,Unknown,Unknown,Unknown,15000,https://www.facebook.com/marketplace/item/2605845146280271/
MacBook Air M3 13å‹ åˆå¤œè‰² ä¿å›ºä¸­,"NT$27,900","Taoyuan District, Taoyuan",2025-06-29,MacBook Air,M3,13,Unknown,Unknown,Unknown,27900,https://www.facebook.com/marketplace/item/722041000568130/
Macbook Air 2019è˜‹æœç­†é›» Apple A1932 8G 128G (0150),"NT$7,000","Taoyuan District, Taoyuan",2025-06-29,MacBook Air,Unknown,15,Unknown,8,Unknown,7000,https://www.facebook.com/marketplace/item/2218446098673567/
ã€å”®ã€‘MacBook Air 13å‹ M2 / 8GB / 256G / æ˜Ÿå…‰,"NT$19,000","Taipei, Taiwan",2025-06-29,MacBook Air,M2,13,256,8,Unknown,19000,https://www.facebook.com/marketplace/item/1962290234601487/
å”® Macbook air M2 13å‹ 16GB/256GB,"NT$22,000","Taichung, Taiwan",2025-06-29,MacBook Air,M2,13,256,16,Unknown,22000,https://www.facebook.com/marketplace/item/1893381918150162/
è¶…ç´šæ–° 32è¨˜æ†¶é«”/1Tb ç¡¬ç¢Ÿ M1 Pro MacBook 16å‹ å¤ªç©ºç°,"NT$39,000","Taipei, Taiwan",2025-06-29,MacBook Pro,M1Pro,16,Unknown,Unknown,Unknown,39000,https://www.facebook.com/marketplace/item/1423396059075253/
APPLE MACBOOK PRO 16å‹ M1PRO 16/512G é›»æ± å¥åº·96% å¾ªç’°69æ¬¡ 2021å¹´,"NT$29,000","Taoyuan District, Taoyuan",2025-06-29,MacBook Pro,M1Pro,16,512,16,Unknown,29000,https://www.facebook.com/marketplace/item/1181132456836715/
ã€å”®ã€‘MacBook Air 13å‹ M2 / 8GB / 256G / å¤ªç©ºç°,"NT$19,000","Taipei, Taiwan",2025-06-29,MacBook Air,M2,13,256,8,Unknown,19000,https://www.facebook.com/marketplace/item/1855519231689641/
MacBook Pro Retina 16å‹ I7 2.6G TB 16G 512G A2141 2021 ç›’è£,"NT$18,000","Taoyuan District, Taoyuan",2025-06-29,MacBook Pro,Intel i7,16,512,16,Unknown,18000,https://www.facebook.com/marketplace/item/744344591397097/
å¾µ MacBook Air 13.6 m2 å¤ªç©ºç°,"NT$18,000","Taoyuan District, Taoyuan",2025-06-29,MacBook Air,M2,13,Unknown,Unknown,Unknown,18000,https://www.facebook.com/marketplace/item/645906211482619/
ã€è‰¾çˆ¾å·´äºŒæ‰‹ã€‘MACBOOK AIR 2020 A2337 M1/8G/512G 13å‹ éŠ€#äºŒæ‰‹ç­†é›»#æ¡ƒåœ’åº—5Q6L5,"NT$14,800","Taoyuan District, Taoyuan",2025-06-29,MacBook Air,M1,13,512,8,Unknown,14800,https://www.facebook.com/marketplace/item/634828133052744/
MacBook Pro M1 13,"NT$19,000",New Taipei City,2025-06-29,MacBook Pro,M1,13,Unknown,Unknown,Unknown,19000,https://www.facebook.com/marketplace/item/1437096427707793/
Macbook Air M2 15å‹é»‘è‰² 16g 1TB é›»æ± ğŸ”‹100%,"NT$33,000","Kaohsiung, Taiwan",2025-06-29,MacBook Air,M2,15,Unknown,16,Unknown,33000,https://www.facebook.com/marketplace/item/577141905454119/
Macbook Pro 14å‹ M1Pro é…ä»¶å¤š,"NT$30,800","Taipei, Taiwan",2025-06-29,MacBook Pro,M1Pro,14,Unknown,Unknown,Unknown,30800,https://www.facebook.com/marketplace/item/1194076959068220/
å‡ºæ¸… å…¨æ–°æœªæ‹†14 å‹MacBook Pro M4 éŠ€è‰² 512G 16G,"NT$41,500","Taipei, Taiwan",2025-06-29,MacBook Pro,M4,14,512,16,Unknown,41500,https://www.facebook.com/marketplace/item/1247262043621653/
16 å‹ MacBook Pro M1 Pro 32G 1T ç°è‰² Apple Careä¿å›ºè‡³11æœˆ,"NT$34,000","Taipei, Taiwan",2025-06-29,MacBook Pro,M1Pro,16,Unknown,16,AppleCare,34000,https://www.facebook.com/marketplace/item/1712670286793057/
Macbook pro 16å‹M3 Pro 18GB 1TB,"NT$48,500",New Taipei City,2025-06-29,MacBook Pro,M3Pro,16,Unknown,Unknown,Unknown,48500,https://www.facebook.com/marketplace/item/670674719302478/
Macbook pro 14å‹M1 Pro 32GB 1TB,"NT$34,500",New Taipei City,2025-06-29,MacBook Pro,M1Pro,14,Unknown,32,Unknown,34500,https://www.facebook.com/marketplace/item/2515968075403859/
[è²©å”®] é›™åŒ— MacBook Pro M1 Pro 14 16G 1TB,"NT$34,000","Taipei, Taiwan",2025-06-29,MacBook Pro,M1Pro,14,Unknown,16,Unknown,34000,https://www.facebook.com/marketplace/item/725259963342137/
32G/1TB SSD è¶…å€¼M1 Pro 14å‹ Macbook,"NT$37,000","Taipei, Taiwan",2025-06-29,MacBook Pro,M1Pro,14,Unknown,32,Unknown,37000,https://www.facebook.com/marketplace/item/1838480396917062/
ã€å”®ã€‘MacBook Pro 13å‹ M2 / 2023 / 8GB / 256G / å¤ªç©ºç°,"NT$23,000","Taipei, Taiwan",2025-06-29,MacBook Pro,M2,13,256,8,Unknown,23000,https://www.facebook.com/marketplace/item/700558696082299/
16 å‹ MacBook Pro M1 Pro 32GB 1TB ç°è‰²,"NT$31,000","Taipei, Taiwan",2025-06-29,MacBook Pro,M1Pro,16,Unknown,16,Unknown,31000,https://www.facebook.com/marketplace/item/1267266048338954/
Macbook Pro 16å‹ m2 Pro 12cpu 19gpu 32g,"NT$57,000","Taipei, Taiwan",2025-06-29,MacBook Pro,M2Pro,16,Unknown,32,Unknown,57000,https://www.facebook.com/marketplace/item/2511842279160787/
å”®MacBook Pro 14å‹ æ™¶ç‰‡ç‚ºM1 pro è¨˜æ†¶é«”32gï¼Œå®¹é‡1T,"$39,000","Taipei, Taiwan",2025-06-29,MacBook Pro,M1Pro,14,Unknown,Unknown,Unknown,39000,https://www.facebook.com/marketplace/item/1625598834812373/
"Apple MacBook Pro 13å‹,M2,2022","$32,000","Taipei, Taiwan",2025-06-29,MacBook Pro,M2,13,Unknown,Unknown,Unknown,32000,https://www.facebook.com/marketplace/item/599262199369484/
Macbook Pro 14å‹ M4å¤ªç©ºé»‘å…¨æ–°æœªæ‹†é…ä»¶å¤š,"NT$46,800","Taipei, Taiwan",2025-06-29,MacBook Pro,M4,14,Unknown,Unknown,Unknown,46800,https://www.facebook.com/marketplace/item/1306300637728748/
å…¨æ–°æœªæ‹† å®¢è£½36è¨˜æ†¶é«”/1TB SSD M3 Pro æ™¶ç‰‡ MacBook Pro retina 14å‹,"NT$57,500","Taipei, Taiwan",2025-06-29,MacBook Pro,M3Pro,14,Unknown,Unknown,Unknown,57500,https://www.facebook.com/marketplace/item/1305653181562361/
"MacBook Pro 16"" M3 Pro 18GB 512GB å¤ªç©ºé»‘","NT$54,000","Taipei, Taiwan",2025-06-29,MacBook Pro,M3Pro,16,512,16,Unknown,54000,https://www.facebook.com/marketplace/item/1779384482987087/
Apple Macbook Pro M3pro 18gè¨˜æ†¶é«” 512G(å¤ªç©ºé»‘ï¼‰14å‹-é›™åŒ—é¢äº¤,"NT$43,500",New Taipei City,2025-06-29,MacBook Pro,M3Pro,14,512,Unknown,Unknown,43500,https://www.facebook.com/marketplace/item/1393035975070070/
MacBook Pro a1990/i7/16G/512G,"NT$15,000",New Taipei City,2025-06-29,MacBook Pro,Intel i7,16,512,16,Unknown,15000,https://www.facebook.com/marketplace/item/2708920925974116/
apple MacBook Pro 256GB ç°2016,"NT$9,800","Taipei, Taiwan",2025-06-29,MacBook Pro,Unknown,16,256,Unknown,Unknown,9800,https://www.facebook.com/marketplace/item/1214498069934216/
Apple MacBook Pro M3æ™¶ç‰‡ 16å‹ é»‘è‰² 2023 åƒ¹æ ¼å¯è­°,"NT$66,000","Taipei, Taiwan",2025-06-29,MacBook Pro,M3,16,Unknown,Unknown,Unknown,66000,https://www.facebook.com/marketplace/item/997092705533879/
å¾µæ±‚ MacBook Pro14å‹ M4 å°ç£è˜‹æœå…¬å¸è²¨ ç›’è£åŸå» é…ä»¶é½Šå…¨ é›™åŒ—é¢äº¤,NT$88,"Taipei, Taiwan",2025-06-29,MacBook Pro,M4,14,Unknown,Unknown,Unknown,88,https://www.facebook.com/marketplace/item/1372829640440952/
Apple macbook pro (2016) 13å¯¸ 8/256,"NT$4,500",New Taipei City,2025-06-29,MacBook Pro,Unknown,16,256,8,Unknown,4500,https://www.facebook.com/marketplace/item/1042929564488120/
â€¼ï¸è¶…ç´šæ–°â€¼ï¸å”®å¤ªç©ºç° MacBook Pro 14--inch M3 â¤ï¸,"NT$58,000",New Taipei City,2025-06-29,MacBook Pro,M3,14,Unknown,Unknown,Unknown,58000,https://www.facebook.com/marketplace/item/1635450593834916/
MacBook Pro 16inch M4 Max 14C32G 36G 1TB 2024 å…¨æ–°æ©Ÿ,"NT$107,950","Taipei, Taiwan",2025-06-29,MacBook Pro,M4Max,16,Unknown,Unknown,Unknown,107950,https://www.facebook.com/marketplace/item/1285614169573093/
MacBook Pro M1 (late 2020) 13è‹±å‹,"NT$22,000","Taipei, Taiwan",2025-06-29,MacBook Pro,M1,13,Unknown,Unknown,Unknown,22000,https://www.facebook.com/marketplace/item/1011042207847848/
Macbook pro 16 inch 2019,"NT$17,000",New Taipei City,2025-06-29,MacBook Pro,Unknown,16,Unknown,16,Unknown,17000,https://www.facebook.com/marketplace/item/1239249474562460/
[è²©å”®] é›™åŒ— Macbook pro 16-inch M3 max/48G/1T,"NT$79,999","Taipei, Taiwan",2025-06-29,MacBook Pro,M3Max,16,Unknown,16,Unknown,79999,https://www.facebook.com/marketplace/item/619199520959594/
MacBook pro 16å¯¸ 2019 i9 16G 1TB,"NT$17,500","Taipei, Taiwan",2025-06-29,MacBook Pro,Intel i9,16,Unknown,16,Unknown,17500,https://www.facebook.com/marketplace/item/686387094026872/
MacBook Pro 13å‹M2 8GB 256GB 2022,"NT$17,500","Taipei, Taiwan",2025-06-29,MacBook Pro,M2,13,256,8,Unknown,17500,https://www.facebook.com/marketplace/item/568263959382735/
MacBook pro 14â€™ M1 Pro,"NT$27,800",New Taipei City,2025-06-29,MacBook Pro,M1Pro,14,Unknown,Unknown,Unknown,27800,https://www.facebook.com/marketplace/item/1405273117146894/
[å”®]äºŒæ‰‹ MacBook pro M1 2021 32GB/1TB 14å‹,"NT$37,000","Taipei, Taiwan",2025-06-29,MacBook Pro,M1Pro,14,Unknown,32,Unknown,37000,https://www.facebook.com/marketplace/item/599992652510037/
2021 14å¯¸ Macbook Pro M1 / 32G / 2TB å…«æˆæ–°,"NT$46,000","Taipei, Taiwan",2025-06-29,MacBook Pro,M1Pro,14,Unknown,32,Unknown,46000,https://www.facebook.com/marketplace/item/683369384185164/
MacBook Air 15 A2941 æ˜Ÿå…‰è‰²,"NT$25,000",New Taipei City,2025-06-29,MacBook Air,Unknown,15,Unknown,Unknown,Unknown,25000,https://www.facebook.com/marketplace/item/999460865732702/
Macbook pro 14å‹ m1 pro,"NT$29,000","Nanao, T'Ai-Wan, Taiwan",2025-06-29,MacBook Pro,M1Pro,14,Unknown,Unknown,Unknown,29000,https://www.facebook.com/marketplace/item/1253851522959129/
Apple Macbook Pro 16å‹ 32GBè¨˜æ†¶é«”ç‰ˆæœ¬,"NT$58,000","Taoyuan District, Taoyuan",2025-06-29,MacBook Pro,Unknown,16,Unknown,Unknown,Unknown,58000,https://www.facebook.com/marketplace/item/581816247907900/
ã€å”®ã€‘MacBook Pro 14å‹ M3 Pro / 18GB / 512G / éŠ€,"NT$45,000","Taipei, Taiwan",2025-06-29,MacBook Pro,M3Pro,14,512,Unknown,Unknown,45000,https://www.facebook.com/marketplace/item/2501504363517539/
14 å‹ MacBook Pro,"$77,900","Taichung, Taiwan",2025-06-29,MacBook Pro,Unknown,14,Unknown,Unknown,Unknown,77900,https://www.facebook.com/marketplace/item/738461258580720/
MacBook Pro 16å‹ï¼ˆM2 proï¼‰,"NT$45,000","Kaohsiung, Taiwan",2025-06-29,MacBook Pro,M2Pro,16,Unknown,Unknown,Unknown,45000,https://www.facebook.com/marketplace/item/2164652350626079/
å”®Apple MacBook Pro 14å¯¸M4 Proæ™¶ç‰‡ 24GB ã€1TB SSDï¼ˆå°‘è¦‹çš„1TBï¼ï¼‰,"$69,500","Taoyuan District, Taoyuan",2025-06-29,MacBook Pro,M4Pro,14,Unknown,24,Unknown,69500,https://www.facebook.com/marketplace/item/2229534117564083/
æ­¡è¿å‡ºåƒ¹MacBook Pro 14â€ M3 MAX/14C CPU/30C GPU/36GB/2TB/éŠ€è‰²/åŒ…è£å®Œæ•´/äºŒæ‰‹ä¿å›ºä¸­,"NT$76,000",Hualian City,2025-06-29,MacBook Pro,M3Max,14,Unknown,Unknown,Unknown,76000,https://www.facebook.com/marketplace/item/2475565952836583/
å¾µ MacBookPro 14å‹ m1max 64g 512æˆ–1Tçš†å¯,"NT$45,000","Taoyuan District, Taoyuan",2025-06-29,MacBook Pro,M1Max,14,Unknown,64,Unknown,45000,https://www.facebook.com/marketplace/item/1041531574785214/
2020 MACBOOK PRO M1 8G 256G ç°è‰² 13å‹,"$14,500","Taipei, Taiwan",2025-06-29,MacBook Pro,M1,13,256,8,Unknown,14500,https://www.facebook.com/marketplace/item/1015849383974411/
MacBook Pro 16å‹ 32GB 1TB 2020å¹´ Core i9 å¤ªç©ºç°è‰²-ä¿å­˜è‰¯å¥½ã€åŠŸèƒ½é«˜éšï¼,"NT$33,000",New Taipei City,2025-06-29,MacBook Pro,Intel i9,16,Unknown,32,Unknown,33000,https://www.facebook.com/marketplace/item/1148745237056276/
MacBook Pro 2020 512G 16Gå‡ºå”®ï½œå°åŒ—å˜‰ç¾©å¯é¢äº¤ï½œåŸå» é…ä»¶çš†åœ¨ï½œé›»æ± å¥åº·,"NT$25,000","Taipei, Taiwan",2025-06-29,MacBook Pro,Unknown,16,512,Unknown,Unknown,25000,https://www.facebook.com/marketplace/item/1403162133982773/
16å‹ Macbook PRO M2 pro 16G 512G/è´ˆè¿‘6000å…ƒé…ä»¶,"NT$48,000",New Taipei City,2025-06-29,MacBook Pro,M2Pro,16,512,16,Unknown,48000,https://www.facebook.com/marketplace/item/1239488000477480/
ã€å”®ã€‘MacBook Pro 13å‹ M2 / 2023 / 8GB / 256G / å¤ªç©ºç°,"NT$22,900","Taipei, Taiwan",2025-06-29,MacBook Pro,M2,13,256,8,Unknown,22900,https://www.facebook.com/marketplace/item/1411794476862901/
MacBook Pro A2485 16g/1T,"NT$29,900","Taichung, Taiwan",2025-06-29,MacBook Pro,Unknown,16,Unknown,16,Unknown,29900,https://www.facebook.com/marketplace/item/1261379062037818/
MacBook Pro A2141 16/512g,"NT$18,800","Taichung, Taiwan",2025-06-29,MacBook Pro,Unknown,14,512,16,Unknown,18800,https://www.facebook.com/marketplace/item/698514369696537/
[è²©å”®] é›™åŒ— MacBook Pro M1 Pro 14 16G 1TB,"NT$34,000","Taipei, Taiwan",2025-06-29,MacBook Pro,M1Pro,14,Unknown,16,Unknown,34000,https://www.facebook.com/marketplace/item/1458426558686600/
"å¯åˆ†æœŸ å®¢è£½æ¬¾ Macbook Pro 13"" ç°è‰² M1 / 16GB / 256GB 13å‹","NT$16,000",New Taipei City,2025-06-29,MacBook Pro,M1,13,256,16,Unknown,16000,https://www.facebook.com/marketplace/item/1203659354467117/
å¾µ MacBook Pro M1 Max 64 14 inch,"NT$40,000","Taipei, Taiwan",2025-06-29,MacBook Pro,M1Max,14,Unknown,64,Unknown,40000,https://www.facebook.com/marketplace/item/3779370179029014/
å‡ºæ¸… Macbook Air Pro 13.3 (1440 * 900) retina è˜‹æœé›»è…¦ i5/8G/128GB/appleç­†é›»/é›»è…¦/ç­†è¨˜å‹é›»è…¦é›»è…¦,"$12,999","Keelung, Taiwan",2025-06-29,MacBook Air,Intel i5,13,Unknown,8,Unknown,12999,https://www.facebook.com/marketplace/item/1211037857487888/
"Airpods4, Iphone12pro 256G,12 128G,11 64/128G,xs 256G, MacBook pro13å‹","$5,100","Taipei, Taiwan",2025-06-29,MacBook Air,Unknown,13,256,128,Unknown,5100,https://www.facebook.com/marketplace/item/481061808132341/
MacBook Air 13 m3 512/16 æ˜Ÿå…‰é‡‘ é›™åŒ—,"NT$35,000","Taipei, Taiwan",2025-06-29,MacBook Air,M3,13,512,16,Unknown,35000,https://www.facebook.com/marketplace/item/1210304147420637/
MacBook Pro A1466 é›¶ä»¶æ©Ÿ,"NT$3,500","Taichung, Taiwan",2025-06-29,MacBook Pro,Unknown,14,Unknown,Unknown,Unknown,3500,https://www.facebook.com/marketplace/item/1712209136163009/
Macbook Pro 16,"NT$53,000",New Taipei City,2025-06-29,MacBook Pro,Unknown,16,Unknown,16,Unknown,53000,https://www.facebook.com/marketplace/item/705631505742433/
ï¿¼ã€UNIQã€‘Macbook Air/Pro 13å‹ ç£å¸ç­†é›»ä¿è­·å¥—(DFender)ï½œç­†é›»å¥— æ™‚å°šç·©è¡ ç¶ ,$999,"Taipei, Taiwan",2025-06-29,MacBook Air,Unknown,13,Unknown,Unknown,Unknown,999,https://www.facebook.com/marketplace/item/1020668393561742/
MacBook Air 13å‹M2 8GB 256GB,"NT$16,800","Taipei, Taiwan",2025-06-29,MacBook Air,M2,13,256,8,Unknown,16800,https://www.facebook.com/marketplace/item/1052889403468480/
Macbook pro M1 2021 è˜‹æœç­†é›» Apple A2338 8G 512G TouchBar TouchID (0143),"NT$18,500","Taoyuan District, Taoyuan",2025-06-29,MacBook Pro,M1Pro,14,512,8,Unknown,18500,https://www.facebook.com/marketplace/item/1443253476716786/
å½±éŸ³ã€å¹³é¢è¨­è¨ˆã€å®¤å…§è¨­è¨ˆã€ç·¨æ›²é©åˆ é«˜éšç‰ˆæœ¬M2 Pro MacBook Pro 14å‹ 1TB SSD,"NT$39,000","Taipei, Taiwan",2025-06-29,MacBook Pro,M2Pro,14,Unknown,Unknown,Unknown,39000,https://www.facebook.com/marketplace/item/1255235376053102/
Macbook pro 14å‹M3 Pro 18GB 512GB,"NT$41,500",New Taipei City,2025-06-29,MacBook Pro,M3Pro,14,512,Unknown,Unknown,41500,https://www.facebook.com/marketplace/item/1402789040842018/
Macbook pro 14å‹M1 Pro 32GB 1TB,"NT$34,500","Taipei, Taiwan",2025-06-29,MacBook Pro,M1Pro,14,Unknown,32,Unknown,34500,https://www.facebook.com/marketplace/item/590103897468093/
Apple Macbook Air 13 2019 i5-1.6/16G/128G ç‘•ç–µæ©Ÿ ç° A77192,"NT$6,000","Taipei, Taiwan",2025-06-29,MacBook Air,Intel i5,13,Unknown,16,Unknown,6000,https://www.facebook.com/marketplace/item/1433907234701600/
é›£å¾—é‡‹å‡ºM1 è¶…é¦™å®¢è£½æ¬¾16Gè¨˜æ†¶é«”256 ssd M1 2021 Macbook Pro 13,"NT$1,800","Taoyuan District, Taoyuan",2025-06-29,MacBook Pro,M1Pro,16,Unknown,Unknown,Unknown,1800,https://www.facebook.com/marketplace/item/587509721119939/
è¶…å€¼ 32Gè¨˜æ†¶é«”M1 Pro MacBook 14å‹,"NT$34,000","Taipei, Taiwan",2025-06-29,MacBook Pro,M1Pro,14,Unknown,Unknown,Unknown,34000,https://www.facebook.com/marketplace/item/692244389884938/
ã€å”®ã€‘é›»æ± 92% MacBook Pro 13å‹ M2 / 2023 / 8GB / 256G / å¤ªç©ºç°,"NT$24,000","Taipei, Taiwan",2025-06-29,MacBook Pro,M2,13,256,8,Unknown,24000,https://www.facebook.com/marketplace/item/722469660392520/
ã€å”®ã€‘é›»æ± 93% MacBook Pro 13å‹ M2 / 2023 / 8GB / 256G / å¤ªç©ºç°,"NT$24,000","Taipei, Taiwan",2025-06-29,MacBook Pro,M2,13,256,8,Unknown,24000,https://www.facebook.com/marketplace/item/574668275335308/
å”®Apple MacBook Air 15å‹M3/8G/256G 2024 ç°è‰²,"NT$26,000","Taichung, Taiwan",2025-06-29,MacBook Air,M3,15,256,8,Unknown,26000,https://www.facebook.com/marketplace/item/1426132458737104/
M3 max MacBook Pro 16å¯¸,"$98,000","Taipei, Taiwan",2025-06-29,MacBook Pro,M3Max,16,Unknown,Unknown,Unknown,98000,https://www.facebook.com/marketplace/item/985961526775492/
ã€å”®ã€‘MacBook Pro 13å‹ M2 / 2023 / 8GB / 256G / å¤ªç©ºç°,"NT$22,900","Taipei, Taiwan",2025-06-29,MacBook Pro,M2,13,256,8,Unknown,22900,https://www.facebook.com/marketplace/item/581211121301676/
å”®MacBook Pro 14,"NT$39,999","Taipei, Taiwan",2025-06-29,MacBook Pro,Unknown,14,Unknown,Unknown,Unknown,39999,https://www.facebook.com/marketplace/item/1582501402390084/
MacBook Pro m3pro 18G 512GB 14å¯¸ äºŒæ‰‹99%å…¨æ–° å¯è­°åƒ¹,"NT$60,000","Taichung, Taiwan",2025-06-29,MacBook Pro,M3Pro,14,512,Unknown,Unknown,60000,https://www.facebook.com/marketplace/item/1064434778932487/
"MacBook Pro M3 Max, 14-inch, 64GB RAM, 512GB storage","NT$116,000","Taipei, Taiwan",2025-06-29,MacBook Pro,M3Max,14,512,64,Unknown,116000,https://www.facebook.com/marketplace/item/656163136747105/
é«˜é›„å¯é¢äº¤ğŸåƒ…å±•ç¤º100%æ–° MacBook Pro 16å‹ m1 pro 16/1TB,"NT$48,000","Kaohsiung, Taiwan",2025-06-29,MacBook Pro,M1Pro,16,Unknown,16,Unknown,48000,https://www.facebook.com/marketplace/item/701792849142546/
"âœ…å…¨å°é¢äº¤âœ… è˜‹æœ Apple MacBook Pro 14å‹ M4 / 16G / 512G / å¤ªç©ºé»‘ / 14"" / Macbook Pro 14 M4 16G 512G","NT$48,800","Taoyuan District, Taoyuan",2025-06-29,MacBook Pro,M4,14,512,16,Unknown,48800,https://www.facebook.com/marketplace/item/1071927344429291/
â¤ï¸â€¼ï¸å”®MacBook Pro 14--inch M3 è¿‘å…¨æ–°å‰²æ„›â¤ï¸,"$65,000",New Taipei City,2025-06-29,MacBook Pro,M3,14,Unknown,Unknown,Unknown,65000,https://www.facebook.com/marketplace/item/2952500231596288/
ã€å”®ã€‘å®¢è£½æ¬¾MacBook Air 13å‹ M3 / 16GB / 256G / 10æ ¸å¿ƒGPU / å¤ªç©ºç°,"NT$25,900","Taipei, Taiwan",2025-06-29,MacBook Air,M3,13,256,16,Unknown,25900,https://www.facebook.com/marketplace/item/509063248899634/
MacBook pro M1 pro 14å‹ 10 CPU 14 GUP RAM 32G SSD 512G,"NT$36,000","Kaohsiung, Taiwan",2025-06-29,MacBook Pro,M1Pro,14,512,32,Unknown,36000,https://www.facebook.com/marketplace/item/10029544400495725/
MacBook Pro 16-inch A2780,"NT$45,000","Taipei, Taiwan",2025-06-29,MacBook Pro,Unknown,16,Unknown,16,Unknown,45000,https://www.facebook.com/marketplace/item/1191161065747674/
2014å¹´æœ« Macbook Pro 15â€Retina,"$6,000","Taipei, Taiwan",2025-06-29,MacBook Pro,Unknown,14,Unknown,Unknown,Unknown,6000,https://www.facebook.com/marketplace/item/970917181684802/
Macbook Pro M4 14â€ 16/512G å¤ªç©ºé»‘,"NT$47,500","Taichung, Taiwan",2025-06-29,MacBook Pro,M4,14,512,16,Unknown,47500,https://www.facebook.com/marketplace/item/1036585058604716/
ä¿å›ºä¸­ MacBook Air 15å‹ M3ï½œé›»æ± å¥åº·åº¦ 100%,"NT$38,500","Taipei, Taiwan",2025-06-29,MacBook Air,M3,15,Unknown,Unknown,Unknown,38500,https://www.facebook.com/marketplace/item/1564399081630408/
å”® MacBook Pro 16.2å‹ M3Pro/18G/ 512G-å¤ªç©ºç°,"NT$46,000","Taichung, Taiwan",2025-06-29,MacBook Pro,M3Pro,16,512,16,Unknown,46000,https://www.facebook.com/marketplace/item/692268220441702/
MacBook Air 13-inch M1ï¼ˆA2337ï¼‰,"NT$17,999","Taipei, Taiwan",2025-06-29,MacBook Air,M1,13,Unknown,Unknown,Unknown,17999,https://www.facebook.com/marketplace/item/650117364569575/
"MACBOOK PRO M4 16/512g éŠ€è‰² å…¨æ–°æœªæ‹†""æ•´æ–°æ©Ÿ""","NT$45,800","Hsinchu, Taiwan",2025-06-29,MacBook Pro,M4,16,512,16,Unknown,45800,https://www.facebook.com/marketplace/item/2449855215352369/
å…¨æ–°MacBook air m3 13å‹ 24g+512SSDéŠ€è‰²ï¼ŒåŸåƒ¹49900,"NT$39,000","Taipei, Taiwan",2025-06-29,MacBook Air,M3,13,Unknown,24,Unknown,39000,https://www.facebook.com/marketplace/item/1651574895448082/
Macbook Air 13å¯¸,"NT$2,690",New Taipei City,2025-06-29,MacBook Air,Unknown,13,Unknown,Unknown,Unknown,2690,https://www.facebook.com/marketplace/item/899176468955741/
Macbook air 2019 13å‹,"NT$11,000","Taipei, Taiwan",2025-06-29,MacBook Air,Unknown,13,Unknown,Unknown,Unknown,11000,https://www.facebook.com/marketplace/item/1079982883977088/
å¾µ MACBOOK PRO M3 16å‹,"NT$99,999",Changhua,2025-06-29,MacBook Pro,M3,16,Unknown,Unknown,Unknown,99999,https://www.facebook.com/marketplace/item/2212475265894860/
"M2 Macbook Air 15"" 2022 éŠ€è‰² 8G / 512G åªè¦22800 !!!","NT$22,800","Taipei, Taiwan",2025-06-29,MacBook Air,M2,15,512,8,Unknown,22800,https://www.facebook.com/marketplace/item/1028292962806238/
å…¨æ–°å“ M3 Macbook Pro 14 8/512G å…¨æ–°æœªæ‹†å°,"NT$38,000","Taipei, Taiwan",2025-06-29,MacBook Pro,M3,14,512,8,Unknown,38000,https://www.facebook.com/marketplace/item/3663553747223411/
Macbook pro 14å‹ M3Max 36G+1TB 14+30æ ¸ é»‘è‰²,"NT$76,000",Hualian City,2025-06-29,MacBook Pro,M3Max,14,Unknown,Unknown,Unknown,76000,https://www.facebook.com/marketplace/item/3943081469277772/
å…¨æ–°æœªæ‹† MacBook Pro 14 / 16,"NT$48,000","Taipei, Taiwan",2025-06-29,MacBook Pro,Unknown,14,Unknown,16,Unknown,48000,https://www.facebook.com/marketplace/item/701752945660950/
13.6å‹ï¼ˆ2022å¹´ M2ï¼‰MacBook Air 256G-åˆå¤œè‰²,"NT$19,000","Taipei, Taiwan",2025-06-29,MacBook Air,M2,13,256,Unknown,Unknown,19000,https://www.facebook.com/marketplace/item/1199441841901228/
"MacBook Pro 16å‹ (2021, M1 Max, 32GB RAM, 1TB SSD, ç¾è¦ç‰ˆ)","NT$39,500","Taipei, Taiwan",2025-06-29,MacBook Pro,M1Max,16,Unknown,32,Unknown,39500,https://www.facebook.com/marketplace/item/671083625300330/
MacBook Pro M1 Pro 14â€ éŠ€è‰²,"NT$33,000","Taipei, Taiwan",2025-06-29,MacBook Pro,M1Pro,14,Unknown,Unknown,Unknown,33000,https://www.facebook.com/marketplace/item/2019432391799758/
è³£MacBook pro m2pro 16å¯¸,"$48,000",New Taipei City,2025-06-29,MacBook Pro,M2Pro,16,Unknown,Unknown,Unknown,48000,https://www.facebook.com/marketplace/item/973672801417190/
M2 Powerful MacBook Pro 16GB 256GB,"NT$27,000","Taipei, Taiwan",2025-06-29,MacBook Pro,M2Pro,16,256,16,Unknown,27000,https://www.facebook.com/marketplace/item/1062794732402471/
Macbook m1 pro 14å‹ 16/512GBä¿å›ºå…§,"NT$34,000",New Taipei City,2025-06-29,MacBook Pro,M1Pro,14,Unknown,16,In Warranty,34000,https://www.facebook.com/marketplace/item/1010049597674808/
MacBook Pro 2017 i5 16G Ram 256GBå®¹é‡,"$6,500",New Taipei City,2025-06-29,MacBook Pro,Intel i5,16,Unknown,16,Unknown,6500,https://www.facebook.com/marketplace/item/4179576422273234/
Macbook pro 16 m1 max 32GB 1TB å¤ªç©ºç° äºŒæ‰‹,"NT$48,000",Zhubei,2025-06-29,MacBook Pro,M1Max,16,Unknown,16,Unknown,48000,https://www.facebook.com/marketplace/item/1340266393779308/
2019 Macbook pro 16å‹ i7å…­æ ¸å¿ƒ 32GB 512GB ç¨é¡¯,"$17,000",New Taipei City,2025-06-29,MacBook Pro,Unknown,16,512,32,Unknown,17000,https://www.facebook.com/marketplace/item/1256344615927310/
MacBook Air 13 1TB (16G),"NT$39,800","Hsinchu, Taiwan",2025-06-29,MacBook Air,Unknown,13,Unknown,16,Unknown,39800,https://www.facebook.com/marketplace/item/1128140726025039/
å…¨æ–° MacBook Pro 16-inch A2780,"$45,000","Taipei, Taiwan",2025-06-29,MacBook Pro,Unknown,16,Unknown,16,Unknown,45000,https://www.facebook.com/marketplace/item/716614830774666/
MacBook Proï¼ˆ13 è‹±å¯¸ï¼ŒM2ï¼Œ2022 å¹´ï¼‰,"NT$30,000",New Taipei City,2025-06-29,MacBook Pro,M2,13,Unknown,Unknown,Unknown,30000,https://www.facebook.com/marketplace/item/1166117995287938/
Macbook pro 16å‹M1 Pro 32GB 2TB,"NT$39,500",New Taipei City,2025-06-29,MacBook Pro,M1Pro,16,Unknown,32,Unknown,39500,https://www.facebook.com/marketplace/item/1038855331661631/
1. Macbook Air 15å‹ (24+512) M4 æ™¶ç‰‡ $48000 2.I phone16 promax 512G $46000,"$46,000","Taipei, Taiwan",2025-06-29,MacBook Air,M4,15,512,24,Unknown,46000,https://www.facebook.com/marketplace/item/1902670503823399/
ä¸€å°é ‚è¦ç¾è²¨äºŒæ‰‹ å°ç‰ˆ MacBook Pro 14 m4 max 128G è¨˜æ†¶é«” 2T SSD ç´ç±³è¢å¹• å…¨éƒ¨ç›’è£éƒ½åœ¨ ç„¡ä»»ä½•å‚·ç—•å•é¡Œ,"NT$160,000","Taipei, Taiwan",2025-06-29,MacBook Pro,M4Max,14,Unknown,128,Unknown,160000,https://www.facebook.com/marketplace/item/741042435125531/
2021 MacBook Pro M1 16å¯¸ 512GB,"$33,000","Taipei, Taiwan",2025-06-29,MacBook Pro,M1Pro,16,512,Unknown,Unknown,33000,https://www.facebook.com/marketplace/item/735860909122904/
ã€å”®ã€‘é›»æ± 100% MacBook Pro 14å‹ M3 Pro / 18GB / 512G / éŠ€,"NT$45,000","Taipei, Taiwan",2025-06-29,MacBook Pro,M3Pro,14,512,Unknown,Unknown,45000,https://www.facebook.com/marketplace/item/1129441429043196/
å…¨æ–°MacBook Air M3 13.6å‹ 16G/256G SSD åˆå¤œè‰²å”®34000,"NT$34,000",New Taipei City,2025-06-29,MacBook Air,M3,13,256,16,Unknown,34000,https://www.facebook.com/marketplace/item/702848208776226/
MacBook Air 15å‹ M4 16GB 256G SSD å…¨æ–°æœªæ‹†,"NT$37,710","Taipei, Taiwan",2025-06-29,MacBook Air,M4,15,256,16,Unknown,37710,https://www.facebook.com/marketplace/item/1168321951709491/
32Gè¨˜æ†¶é«” I9 å…«æ ¸å¿ƒ MacBook Pro 16å‹ 1TB SSD å®¹é‡,"NT$20,000","Taipei, Taiwan",2025-06-29,MacBook Pro,Intel i9,16,Unknown,Unknown,Unknown,20000,https://www.facebook.com/marketplace/item/603711616102837/
Macbook pro 14å‹M3 Pro 18GB 1TB,"NT$44,500",New Taipei City,2025-06-29,MacBook Pro,M3Pro,14,Unknown,Unknown,Unknown,44500,https://www.facebook.com/marketplace/item/697704079826238/
"MacBook Air (13 è‹±å‹, 2013å¹´ä¸­) å……é›»å™¨å…¨æ–° è˜‹æœç­†é›»","NT$3,000",New Taipei City,2025-06-29,MacBook Air,Unknown,13,Unknown,Unknown,Unknown,3000,https://www.facebook.com/marketplace/item/9853572867998875/
MacBook Air M2 (13.6å‹),"$25,000",New Taipei City,2025-06-29,MacBook Air,M2,13,Unknown,Unknown,Unknown,25000,https://www.facebook.com/marketplace/item/1210540583960126/
è¨˜æ†¶é«”16/1tb SSD 2020é«˜è¦æ ¼4å­” MacBook Pro retina 13,"NT$16,000",New Taipei City,2025-06-29,MacBook Pro,Unknown,16,Unknown,Unknown,Unknown,16000,https://www.facebook.com/marketplace/item/1317531022726482/
å…ˆèª ä¿¡å†æˆäº¤ğŸ¤ ğŸ”¥MacbookPro A1989 ä¸å®Œç¾æ©Ÿå°ğŸ”¥ äºŒæ‰‹ç­†é›»ğŸ’»I7-16G 512G è©³æƒ…çœ‹å…§æ–‡ æ–°åŒ—å¸‚åœŸåŸå€é¢äº¤ä½³ğŸ’¯,"NT$10,500",New Taipei City,2025-06-29,MacBook Pro,Intel i7,16,512,16,Unknown,10500,https://www.facebook.com/marketplace/item/624299726684060/
ï¼ˆå”®ï¼‰2014å¹´æœ« Macbook Pro 15â€Retina,"$6,000","Taipei, Taiwan",2025-06-29,MacBook Pro,Unknown,14,Unknown,Unknown,Unknown,6000,https://www.facebook.com/marketplace/item/2080613469097022/
2024 MacBook Air 13å‹ M3 8C10G 16G 512 GB SSD å…¬å¸è²¨ å…¨æ–°æœªæ‹†å° ä¿å›ºæœªå•Ÿç”¨,"$35,000","Taipei, Taiwan",2025-06-29,MacBook Air,M3,13,512,16,Unknown,35000,https://www.facebook.com/marketplace/item/3307478586058663/
MacBook Air 2015,"NT$4,000","Taoyuan District, Taoyuan",2025-06-29,MacBook Air,Unknown,15,Unknown,Unknown,Unknown,4000,https://www.facebook.com/marketplace/item/643211708748601/
MacBook Pro M4 14å‹ 16/1tb,"NT$50,000",New Taipei City,2025-06-29,MacBook Pro,M4,14,Unknown,16,Unknown,50000,https://www.facebook.com/marketplace/item/1622880741683302/
MacBook Air M3 24g/512g ä¿å›ºè‡³2026/01/15 ç›’é…å®Œæ•´ å…¨æ–°ç„¡å‚· åŒ—å¸‚ è‡ªå– ä¸è­°,"NT$38,500","Taipei, Taiwan",2025-06-29,MacBook Air,M3,15,512,24,Unknown,38500,https://www.facebook.com/marketplace/item/719432870515150/
Macbook pro 16 inch 2019,"NT$18,500",New Taipei City,2025-06-29,MacBook Pro,Unknown,16,Unknown,16,Unknown,18500,https://www.facebook.com/marketplace/item/1135476171323041/
ã€å”®ã€‘MacBook Air 13å‹ M2 / 8GB / 256G / å¤ªç©ºç°,"NT$19,900","Taipei, Taiwan",2025-06-29,MacBook Air,M2,13,256,8,Unknown,19900,https://www.facebook.com/marketplace/item/712385058397665/
MacBook Air 13 2024 8G M3å¯è­°åƒ¹,"NT$24,000","YÃ¼anlin, T'Ai-Wan, Taiwan",2025-06-29,MacBook Air,M3,13,Unknown,8,Unknown,24000,https://www.facebook.com/marketplace/item/1662177928067309/
é›»æ± 100%ç¨€æœ‰é‡‹å‡ºM1 Max MacBook Pro 14å‹32/2TB,"NT$48,000","Taipei, Taiwan",2025-06-29,MacBook Pro,M1Max,14,Unknown,Unknown,Unknown,48000,https://www.facebook.com/marketplace/item/1602167283805588/
Apple MacBook Air 15 M4 10æ ¸å¿ƒ CPU 10æ ¸å¿ƒ GPU 16G/256G SSD,"$38,000","Taoyuan District, Taoyuan",2025-06-29,MacBook Air,M4,15,256,16,Unknown,38000,https://www.facebook.com/marketplace/item/1027653536184173/
ã€å”®ã€‘MacBook air 13å‹ M1 / A2337 / 8GB / 256G / ç°è‰²,"NT$11,499",New Taipei City,2025-06-29,MacBook Air,M1,13,256,8,Unknown,11499,https://www.facebook.com/marketplace/item/1395298031592692/
Macbook Air 15å‹ (24+512) M4 æ™¶ç‰‡ï¼ˆæœ€æ–°æ™¶ç‰‡ï¼‰ å®˜ç¶²55900 å”®52000,"$52,000","Taipei, Taiwan",2025-06-29,MacBook Air,M4,15,512,24,Unknown,52000,https://www.facebook.com/marketplace/item/1032704555154680/
å‰ªè¼¯çŒ›ç¸ å…¨æ©ŸåŒ…è†œä¿å›ºé‚„æœ‰330å¹¾å¤© M3 max 36G/1TB SSD MacBook Pro 14å‹,"NT$76,000","Taipei, Taiwan",2025-06-29,MacBook Pro,M3Max,14,Unknown,Unknown,Unknown,76000,https://www.facebook.com/marketplace/item/2143109209446260/
å‡ç´šå”®å‡º MacBook Pro 2016ï¼ˆTouchBaræ¬¾ï¼‰,"NT$8,000",New Taipei City,2025-06-29,MacBook Pro,Unknown,16,Unknown,Unknown,Unknown,8000,https://www.facebook.com/marketplace/item/878696850991508/
MacBook Air 15å‹ m3æ™¶ç‰‡ 16g ram 512Gç¡¬ç¢Ÿ,"$33,000","Taichung, Taiwan",2025-06-29,MacBook Air,M3,15,Unknown,16,Unknown,33000,https://www.facebook.com/marketplace/item/24089379533990885/
ğŸ”¥è˜‹æœMacBook Pro A1708 I7ä¸ƒä»£ é«˜æ•ˆèƒ½ç­†é›» æ­é…8Gè¨˜æ†¶é«”+256G SSD+Retinaè¢å¹•(2560*1600)ğŸ”¥,"NT$6,600","Taoyuan District, Taoyuan",2025-06-29,MacBook Pro,Unknown,16,256,Unknown,Unknown,6600,https://www.facebook.com/marketplace/item/739047962401774/
MacBook pro 16å¯¸ 2019 i9 32G 1TB,"NT$25,500","Taipei, Taiwan",2025-06-29,MacBook Pro,Intel i9,16,Unknown,32,Unknown,25500,https://www.facebook.com/marketplace/item/1268444671524283/
Macbook pro 14å‹M3 Pro 18GB 512GB 98%,"NT$39,500","Taipei, Taiwan",2025-06-29,MacBook Pro,M3Pro,14,512,Unknown,Unknown,39500,https://www.facebook.com/marketplace/item/2057767528052249/
MacBook Air 2022 M2 8G+256G 13å‹ A2681 åˆå¤œé»‘,"NT$18,000","Taipei, Taiwan",2025-06-29,MacBook Air,M2,13,256,8,Unknown,18000,https://www.facebook.com/marketplace/item/1469603324390596/
ã€å”®ã€‘MacBook Air 13å‹ M2 / 8GB / 256G / åˆå¤œè‰²,"NT$18,000","Taipei, Taiwan",2025-06-29,MacBook Air,M2,13,256,8,Unknown,18000,https://www.facebook.com/marketplace/item/1349779696250058/
